State,Branch,Type,Party,Candidate,Win,Votes,Incumbent,Handle,Bio,Following,Followers
Iowa,Senate,Primary,D,Abby Finkenauer,0,62358,0,Abby4Iowa,['Former U.S. Congresswoman & Iowa State Representative. Building dreams and doing life w/ @danwasta. (personal account- for official follow @stateyouth )'],671,54113
Nevada,Senate,General,R,Adam Laxalt,0,476676,0,AdamLaxalt,None,1450,89610
Nevada,Senate,Primary,R,Adam Laxalt,1,97830,0,AdamLaxalt,None,1450,89610
Wisconsin,Senate,Primary,D,Alex Lasry,0,40820,0,AlexLasryWI,['Husband to Lauren & dad to Eleanor. Fmr. Candidate for U.S. Senate. SVP Milwaukee Bucks. Fmr. Chair @Milwaukee2020 bid. Obama White House Alum.'],215,23344
California,Senate,General,D,Alex Padilla,1,3202616,1,AlexPadilla4CA,['U.S. Senator for California. Husband & Dad. Former CA Secretary of State. @MIT Grad. San Fernando Valley native. Defending the dream.'],1569,112309
California,Senate,Primary,D,Alex Padilla,1,3725544,1,AlexPadilla4CA,['U.S. Senator for California. Husband & Dad. Former CA Secretary of State. @MIT Grad. San Fernando Valley native. Defending the dream.'],1569,112309
Pennsylvania,Senate,Primary,D,Alexandria Khalil,0,54460,0,NO_HANDLE,None,0,0
Nevada,Senate,Primary,D,Allen Rheinhart,0,2394,0,NO_HANDLE,None,0,0
Utah,Senate,Primary,R,Ally Isom,0,27263,0,allyforutah,['Official campaign account for U.S. Senate Candidate Ally Isom. It‚Äôs time for a new dawn in the Republican Party. Join us! #AllyForUtah'],223,843
North Carolina,Senate,Primary,D,Alyssia Hammond,0,21005,0,NO_HANDLE,None,0,0
South Carolina,Senate,Primary,D,Angela Geter,0,55281,0,angelaforsc,"['US Air Force Veteran, Accounting/Finance Professional, Lifelong South Carolinian, Daughter, Auntie.  #FrontlineLeadership']",2403,3304
Illinois,Senate,Primary,R,Anthony Williams,0,50537,0,NO_HANDLE,None,0,0
Kentucky,Senate,Primary,R,Arnold Blankenship,0,10092,0,NO_HANDLE,None,0,0
Oklahoma,Senate,Primary,D,Arya Azma,0,11469,0,NO_HANDLE,None,0,0
Hawaii,Senate,Primary,R,Asia LaVonne,0,4973,0,AsiaLaVonne,['Hawaii State Advisory Committee Member to the US Commission on Civil Rights (USCCR)\n\nSenatorial Candidate 2024'],71,10
North Carolina,Senate,Primary,D,B.K. Maginnis,0,7044,0,NO_HANDLE,None,0,0
Utah,Senate,Primary,R,Becky Edwards,0,98802,0,beckyforutah,['Lifelong Utahn. Unabashed cheerleader for empowering political and civic engagement. Former U.S. Senate candidate and Utah House Rep.'],897,6819
Idaho,Senate,Primary,D,Ben Pursley,0,13987,0,NO_HANDLE,None,0,0
Missouri,Senate,Primary,R,Billy Long,0,32603,0,USRepLong,['Representing Missouri‚Äôs 7th District in the United States Congress - Member of the House Energy and Commerce Committee'],4183,28511
Arizona,Senate,General,R,Blake Masters,0,1005001,0,bgmasters,['Running for U.S. Senate in Arizona üåµüá∫üá∏  Endorsed by President Trump'],2521,277356
Arizona,Senate,Primary,R,Blake Masters,1,327198,0,bgmasters,['Running for U.S. Senate in Arizona üåµüá∫üá∏  Endorsed by President Trump'],2521,277356
Hawaii,Senate,General,R,Bob McDermott,0,69155,0,repbobmcdermott,"['Marine Veteran, married to the love of my life with 8 children. A Catholic who often falls short of the mark, but keeps trying. Blessed beyond expectations!']",53,215
Hawaii,Senate,Primary,R,Bob McDermott,1,21044,0,repbobmcdermott,"['Marine Veteran, married to the love of my life with 8 children. A Catholic who often falls short of the mark, but keeps trying. Blessed beyond expectations!']",53,215
Illinois,Senate,Primary,R,Bobby Piton,0,63317,0,SUSPENDED,None,0,0
Alabama,Senate,Primary,D,Brandaun Dean,0,32863,0,BrandaunDean,"['‚ÄúBlack America,reparations is commeth.‚Äù I am a justice system and police violence affected citizen battling displacement.']",207,2618
Oklahoma,Senate,Primary,D,Brandon Wade,0,19970,0,NO_HANDLE,None,0,0
Idaho,Senate,Primary,R,Brenda Bourn,0,21612,0,NO_HANDLE,None,0,0
Oregon,Senate,Primary,D,Brent Thompson,0,17197,0,NO_HANDLE,None,0,0
South Dakota,Senate,General,D,Brian Bengs,0,44405,0,BrianBengs,"[""Husband, Father, US Navy vet & US Air Force retiree, Attorney, Former Professor, & Angry American Who Wants the Functional Govn't Our Constitution Promises""]",1332,41963
Hawaii,Senate,General,D,Brian E. Schatz,1,227825,1,brianschatz,['United States Senator from Hawaii. Dad. Climate Hawk. Chair of the Senate Committee on Indian Affairs. Chief Deputy Whip.'],3256,397528
Hawaii,Senate,Primary,D,Brian E. Schatz,1,201072,1,brianschatz,['United States Senator from Hawaii. Dad. Climate Hawk. Chair of the Senate Committee on Indian Affairs. Chief Deputy Whip.'],3256,397528
Florida,Senate,Primary,D,Brian Rush,0,88619,0,NO_HANDLE,None,0,0
New Hampshire,Senate,Primary,R,Bruce Fenton,0,6266,0,brucefenton,"['#Bitcoin Cypherpunk Stockbroker Managing Director @WatchdogCapital, SEC registered principal/ FINRA Member. Host @SatoshiRoundtbl, Free Market Econ, Liberty']",1811,100120
South Dakota,Senate,Primary,R,Bruce Whalen,0,15476,0,NO_HANDLE,None,0,0
Alaska,Senate,Primary,R,Buzz Kelley,1,4034,0,NO_HANDLE,None,0,0
Pennsylvania,Senate,Primary,R,Carla Sands,0,73360,0,CarlaHSands,"['Proud American | Vice Chair Center for Energy & Environment, America First Policy Institute | Mom | Woman of faith | Former US Ambassador to Denmark üá∫üá∏']",881,52243
Missouri,Senate,Primary,D,Carla Wright,0,14391,0,NO_HANDLE,None,0,0
Illinois,Senate,Primary,R,Casey Chlebek,0,72864,0,NO_HANDLE,None,0,0
Nevada,Senate,General,D,Catherine Cortez Masto,1,481659,1,SenCortezMasto,['U.S. Senator from the great state of Nevada.'],927,73090
Nevada,Senate,Primary,D,Catherine Cortez Masto,1,105071,1,SenCortezMasto,['U.S. Senator from the great state of Nevada.'],927,73090
South Carolina,Senate,Primary,D,Catherine Fleming Bruce,1,59777,0,tnovsa,"['Author. 2022 Primary Runoff candidate, US Senate. SC 4 US House & Senate Dem Majorities 2022. Foreperson, SC longest State Grand Jury public corruption trial.']",5928,8805
Kentucky,Senate,General,D,Charles Booker,0,562928,0,Booker4KY,['Husband. Father. Son. Founder of @HoodtotheHoller . Former State Rep. First Black Kentuckian nominated for US Senate. The movement continues ‚úäüèΩ (He/Him)'],2058,438353
Kentucky,Senate,General,D,Charles Booker,1,214245,0,Booker4KY,['Husband. Father. Son. Founder of @HoodtotheHoller . Former State Rep. First Black Kentuckian nominated for US Senate. The movement continues ‚úäüèΩ (He/Him)'],2058,438353
North Carolina,Senate,General,D,Cheri Beasley,0,1753203,0,CheriBeasleyNC,"['Wife, mom, @AKASorority1908. First African-American woman to serve as Chief Justice of the NC Supreme Court. Candidate for US Senate.']",504,64689
North Carolina,Senate,Primary,D,Cheri Beasley,1,501766,0,CheriBeasleyNC,"['Wife, mom, @AKASorority1908. First African-American woman to serve as Chief Justice of the NC Supreme Court. Candidate for US Senate.']",504,64689
North Carolina,Senate,Primary,D,Chrelle Booker,0,9937,0,ChrelleBooker,"['U.S. Senate Candidate, https://t.co/lQGqCibCk9, https://t.co/FL5vNDlVFV, Mayor Pro Tempore Tryon NC, TV broadcasting, Realtor, HR Manager, Phi Theta Kappa Honor Society.']",3,39
Maryland,Senate,General,D,Chris Chaffee,0,593153,0,ChaffeeUSSenate,['Maryland Deserves A Republican Voice Vote For Freedom Vote for your grandchildren‚Äôs future .'],174,348
Maryland,Senate,Primary,R,Chris Chaffee,1,45931,0,ChaffeeUSSenate,['Maryland Deserves A Republican Voice Vote For Freedom Vote for your grandchildren‚Äôs future .'],174,348
Maryland,Senate,General,D,Chris Van Hollen,1,922821,1,ChrisVanHollen,['U.S. Senator for Maryland'],961,194267
Maryland,Senate,Primary,D,Chris Van Hollen,1,152711,1,ChrisVanHollen,['U.S. Senator for Maryland'],961,194267
Vermont,Senate,Primary,R,Christina Nolan,0,10770,0,nolanforsenate,['Former U.S. Attorney for Vermont and current Republican candidate for the U.S. Senate. We need to bring a fresh perspective to Washington! #TeamNolan #vtpoli'],88,782
Oregon,Senate,Primary,R,Christopher Christensen,0,28433,0,NO_HANDLE,None,0,0
Iowa,Senate,General,R,Chuck Grassley,1,672242,1,ChuckGrassley,"['U.S. Senator. Family farmer. Lifetime resident of New Hartford, IA. Also follow @GrassleyPress for news and information.']",12544,807650
Iowa,Senate,Primary,R,Chuck Grassley,1,139451,1,ChuckGrassley,"['U.S. Senator. Family farmer. Lifetime resident of New Hartford, IA. Also follow @GrassleyPress for news and information.']",12544,807650
New Hampshire,Senate,Primary,R,Chuck Morse,0,50770,0,Morse4Senate,['Official Campaign Account for New Hampshire Senate President Morse. Running for United States Senate to represent the 603 not D.C.'],232,2050
New York,Senate,General,D,Chuck Schumer,1,3189890,1,SenSchumer,"['Official Account of Senator Chuck Schumer, New York‚Äôs Senator and the Senate Majority Leader.']",23471,3427939
California,Senate,Primary,R,Chuck Smith,0,266766,0,NO_HANDLE,None,0,0
Pennsylvania,Senate,Primary,D,Conor Lamb,0,337498,0,ConorLambPA,"['Marine, prosecutor, patriot, Catholic, Democrat. U.S. Rep. #PA17.']",525,146817
North Carolina,Senate,Primary,D,Constance Johnson,0,12500,0,NO_HANDLE,None,0,0
California,Senate,Primary,R,Cordie Williams,0,474321,0,drcordiew,['Patriot - Veteran - Doctor - Political Commentator - Speaker - Co-Founder @1776foreverfre #megaphonemarine'],1484,9249
Nevada,Senate,Primary,D,Corey Reid,0,3419,0,NO_HANDLE,None,0,0
Arkansas,Senate,Primary,D,Dan Whitfield,0,28259,0,NO_HANDLE,None,0,0
Oregon,Senate,Primary,R,Darin Harbick,0,107506,0,NO_HANDLE,None,0,0
Missouri,Senate,Primary,R,Dave Schatz,0,7509,0,DaveSchatzMO,['I‚Äôm a proud blue collar product of the Reagan Revolution. I‚Äôm running for US Senate to find solutions and fix problems ‚Äî not to fix blame. #gop #mosen'],578,3100
North Carolina,Senate,Primary,R,David Flaherty,0,7265,0,NO_HANDLE,None,0,0
Pennsylvania,Senate,Primary,R,David McCormick,0,419218,0,DaveMcCormickPA,['Homegrown Pennsylvanian. Father. Husband. Veteran. Businessman. Christmas Tree Trimmer. GOP Candidate for US Senate.'],29,6361
Idaho,Senate,General,D,David Roth,0,47225,0,rothforIdaho,"['Democrat. Dad x2. Openly Gay U.S. Senate Nominee, Idaho- 2022. Running in ""red"" Idaho because NO state is a lost cause.']",18755,28045
Idaho,Senate,Primary,D,David Roth,1,19160,0,rothforIdaho,"['Democrat. Dad x2. Openly Gay U.S. Senate Nominee, Idaho- 2022. Running in ""red"" Idaho because NO state is a lost cause.']",18755,28045
Wisconsin,Senate,Primary,R,David Schroeder,0,21616,0,SchroederWBAY,"['Follower of Jesus Christ, worship drummer at Central Church GB, Sports Anchor M-F 10pm on WBAY-TV Green Bay dschroeder@wbay.com, #BowTieFriday']",1029,3162
Oklahoma,Senate,Primary,D,Dennis Baker,0,22458,0,DennisLBaker,"['Democrat, lawyer, former FBI Special Agent, Tsoyaha, American, fighting for living wage jobs, public education, health care access for all, & safe communities.']",5861,6431
Louisiana,Senate,Primary,R,Devin Lance Graham,0,24785,0,NO_HANDLE,None,0,0
New Hampshire,Senate,General,R,Don Bolduc,0,243583,0,GenDonBolduc,['Former (R) Candidate for the U.S. Senate || Retired U.S. Army Brigadier General. Special Ops Africa. Mental Health Advocate. Patriots Fan. IG: @gendonbolduc'],4879,25391
New Hampshire,Senate,Primary,R,Don Bolduc,1,52637,0,GenDonBolduc,['Former (R) Candidate for the U.S. Senate || Retired U.S. Army Brigadier General. Special Ops Africa. Mental Health Advocate. Patriots Fan. IG: @gendonbolduc'],4879,25391
Missouri,Senate,Primary,R,Eric Greitens,0,124155,0,EricGreitens,['Proud Dad ‚Ä¢ Navy SEAL ‚Ä¢ 56th Governor of Missouri'],869,143105
Missouri,Senate,General,R,Eric Schmitt,1,785330,0,Eric_Schmitt,['Husband ‚Ä¢ Father ‚Ä¢ Attorney General and  U.S. Senator-Elect from Missouri ‚Ä¢ Diehard #STLCards fan'],2691,95425
Missouri,Senate,Primary,R,Eric Schmitt,1,299282,0,Eric_Schmitt,['Husband ‚Ä¢ Father ‚Ä¢ Attorney General and  U.S. Senator-Elect from Missouri ‚Ä¢ Diehard #STLCards fan'],2691,95425
North Carolina,Senate,Primary,D,Everette Newton,0,10043,0,NO_HANDLE,None,0,0
Georgia,Senate,Primary,R,Gary Black,0,157370,0,NO_HANDLE,None,0,0
Louisiana,Senate,Primary,D,Gary Chambers,0,235077,0,GaryChambersJr,['Zoey‚Äôs Dad | Former Candidate for U.S. Senate | Advocate/Activist | Booking email: bookgcj@gmail.com |#ChangeAgent | Bigger Than Me | Founder'],914,138381
Missouri,Senate,Primary,D,Gena Ross,0,8715,0,GenaRossforMO6,"['Official Twitter account for the Dr. Gena Ross for US Senate Campaign, MO. Primary Winner for US Congress, MO, District 6 (2020). I dare to be different! üíØ‚úùÔ∏è']",2232,1048
Pennsylvania,Senate,Primary,R,George Bochetto,0,14492,0,GeorgeBochetto,['George Bochetto is the GOP candidate supported by law enforcement running for US Senate from the Commonwealth of Pennsylvania. Former PA Boxing Commissioner.'],41,130
Maryland,Senate,Primary,R,George Davis,0,18875,0,NO_HANDLE,None,0,0
Vermont,Senate,General,R,Gerald Malloy,0,80121,0,SUSPENDED,None,0,0
Vermont,Senate,Primary,R,Gerald Malloy,1,12069,0,SUSPENDED,None,0,0
Iowa,Senate,Primary,D,Glenn Hurst,0,7538,0,DrGlennHurst,"['Candidate for US Senate in Iowa. Rural Doctor, Minden City Council Member, Rural Caucus Chair @IowaDemocrats']",1220,1879
Arkansas,Senate,Primary,R,Heath Loftis,0,7086,0,pstrheathloftis,['Republican Candidate for US Senate for the state of Arkansas\nPastor at Park Avenue Missionary Baptist Church\n0351 USMC Reserve (2011-2017)\nHusband\nFather'],63,40
Georgia,Senate,General,R,Herschel Walker,1,1906192,0,HerschelWalker,['Candidate for United States Senate'],4363,913247
Georgia,Senate,Primary,R,Herschel Walker,1,803560,0,HerschelWalker,['Candidate for United States Senate'],4363,913247
Oregon,Senate,Primary,R,Ibrahim Taher,0,6659,0,NO_HANDLE,None,0,0
Vermont,Senate,Primary,D,Isaac Evans-Frantz,0,3367,0,iefrantz,['Let‚Äôs stop wars & help our neighbors. Work: @theActionCorps. Views here my own. Follow my Vermont political work: @IsaacForVT'],203,595
Ohio,Senate,General,R,J.D. Vance,1,2147898,0,JDVance1,"['Christian, husband, dad. U.S. Senator-elect from Ohio. Author of @hillbillyelegy; co-founder @NaryaVC.']",1111,329683
Ohio,Senate,Primary,R,J.D. Vance,1,344736,0,JDVance1,"['Christian, husband, dad. U.S. Senator-elect from Ohio. Author of @hillbillyelegy; co-founder @NaryaVC.']",1111,329683
Arkansas,Senate,Primary,D,Jack Foster,0,13844,0,NO_HANDLE,None,0,0
Oklahoma,Senate,Primary,R,Jackson Lahmeyer,0,94504,0,JacksonLahmeyer,['Husband | Father | Pastor of https://t.co/IRBLeVCZ18 | Small Business Owner'],236,19596
Arkansas,Senate,Primary,R,Jake Bequette,0,64487,0,JakeBequette,None,31,68
Alabama,Senate,Primary,R,Jake Schafer,0,6951,0,NO_HANDLE,None,0,0
North Carolina,Senate,Primary,D,James Carr Jr,0,21903,0,NO_HANDLE,None,0,0
Oklahoma,Senate,General,R,James Lankford,1,739302,1,SenatorLankford,"['Follower of Christ, husband to Cindy, father of two daughters serving the state of Oklahoma in the United States Senate.']",749,121439
Oklahoma,Senate,Primary,R,James Lankford,1,242984,1,SenatorLankford,"['Follower of Christ, husband to Cindy, father of two daughters serving the state of Oklahoma in the United States Senate.']",749,121439
California,Senate,Primary,R,James P. Bradley,0,235788,0,JamesBradleyCA,['Veteran. Father. Defender of the US Constitution'],2147,118355
Maryland,Senate,Primary,R,James Tarantin,0,17877,0,JamesTarantin,['‚≠ê  Politicians = Greatest Danger\n\n‚≠ê  Stop the Genocide of Dreams\n\n‚≠ê  Make Your Voice Come Alive!\n\n‚≠ê  Spread Light for Unity'],68,1950
Arkansas,Senate,Primary,R,Jan Morgan,0,57062,0,JanMorganMedia,"['National Conservative Commentator, Certified Firearms Instructor, Founder 2AWomen']",820,14456
Ohio,Senate,Primary,R,Jane Timken,0,62779,0,JaneTimkenOH,None,2664,16892
Oregon,Senate,Primary,R,Jason Beebe,0,39456,0,JasonBeebe,None,0,1
Oklahoma,Senate,Primary,D,Jason Bollinger,0,27359,0,Jason_Bollinger,['Attorney. ‚öñÔ∏è Concerned citizen. üó£ Former candidate for U.S. Senate. üá∫üá∏ (he/him)'],5908,6174
Pennsylvania,Senate,Primary,R,Jeff Bartos,0,66684,0,jeff_bartos,"['Father of two, husband. Co-Founder of the @PA30DayFund.']",183,4046
Kansas,Senate,General,R,Jerry Moran,1,587380,1,JerryMoran,['Official account of U.S. Senator Jerry Moran. Honored to represent Kansans in the U.S. Senate.'],3064,118586
Kansas,Senate,Primary,R,Jerry Moran,1,114688,1,JerryMoran,['Official account of U.S. Senator Jerry Moran. Honored to represent Kansans in the U.S. Senate.'],3064,118586
Missouri,Senate,Primary,D,Jewel Kelly Jr.,0,6443,0,JewelCommittee,['Missouri Democratic Party. I‚Äôm a military vet. Business Owner. Moderate. He/Him. Principle Over Party. Is it Legal? Safe? Fair?'],901,877
Iowa,Senate,Primary,R,Jim Carlin,0,50166,0,NO_HANDLE,None,0,0
Arizona,Senate,Primary,R,Jim Lamon,0,228467,0,jim_lamon,"['Investor, Founder DEPCOM Power, US Army Paratrooper Officer, Bama Linebacker']",230,6085
Illinois,Senate,Primary,R,Jimmy Lee Tillman II,0,34951,0,tillman_ii,"['GOP Candidate US HOUSE-IL 01, Christian Conservative, MLKRepublicans, Urban Political Strategist, RLI Fellow, Sentinel,Son, Dad, Grandpa #MAGA #BlackRepublican']",62,77
Oklahoma,Senate,Primary,D,Jo Glenn,0,21176,0,NO_HANDLE,None,0,0
Oregon,Senate,General,R,Jo Rae Perkins,0,554413,0,PerkinsForUSSen,"[""US Senate Constitution & Republican Parties Nominee for Oregon\nConservative. Wife, Mother, Grandmother, Patriot, Pro-Life, 2A. \nLet's reunite Oregon and America""]",1533,6073
Oregon,Senate,Primary,R,Jo Rae Perkins,1,115701,0,PerkinsForUSSen,"[""US Senate Constitution & Republican Parties Nominee for Oregon\nConservative. Wife, Mother, Grandmother, Patriot, Pro-Life, 2A. \nLet's reunite Oregon and America""]",1533,6073
Kansas,Senate,Primary,R,Joan Farr,0,28204,0,NO_HANDLE,None,0,0
Oklahoma,Senate,Primary,R,Joan Farr,0,20737,0,NO_HANDLE,None,0,0
Colorado,Senate,General,R,Joe O'Dea,0,891752,0,ODeaForColorado,['Construction CEO. Husband. Dad. Proud American. Ran for the U.S. Senate to be a voice for working Americans.'],433,8661
Colorado,Senate,Primary,R,Joe O'Dea,1,249492,0,ODeaForColorado,['Construction CEO. Husband. Dad. Proud American. Ran for the U.S. Senate to be a voice for working Americans.'],433,8661
New York,Senate,General,R,Joe Pinion,0,2441975,0,JosephPinion,['A Concerned Son | An Aggrieved Grandson | A Native New YorkerüóΩ | Candidate For U.S. Senate (NY) üá∫üá∏ | Help us FIRE #ChuckSchumer'],1228,30117
Arkansas,Senate,General,R,John Boozman,1,587990,1,JohnBoozman,"['U.S. Senator for Arkansas serving as @SenateAgGOP leader and on the Appropriations, EPW & Veterans‚Äô Affairs committees #ServingAR #ARinDC 202-224-4843']",790,106111
Arkansas,Senate,Primary,R,John Boozman,1,178719,1,JohnBoozman,"['U.S. Senator for Arkansas serving as @SenateAgGOP leader and on the Appropriations, EPW & Veterans‚Äô Affairs committees #ServingAR #ARinDC 202-224-4843']",790,106111
Pennsylvania,Senate,General,D,John Fetterman,1,2637598,0,JohnFetterman,"['Dad, husband to @GiseleFetterman, and Senator-Elect for the Commonwealth of Pennsylvania. üá∫üá∏']",4969,932281
Pennsylvania,Senate,Primary,D,John Fetterman,1,753557,0,JohnFetterman,"['Dad, husband to @GiseleFetterman, and Senator-Elect for the Commonwealth of Pennsylvania. üá∫üá∏']",4969,932281
Washington,Senate,Primary,R,John Guenther,0,31191,0,Guenther4Senate,['Hello my name is John Guenther and I am running for US Senate in the state of Washington.'],105,17
North Dakota,Senate,General,R,John Hoeven,1,114031,1,SenJohnHoeven,"['U.S. Senator for North Dakota serving on the Senate Agriculture, Energy, Appropriations & Indian Affairs committees.']",768,119036
North Dakota,Senate,Primary,R,John Hoeven,1,4917,1,SenJohnHoeven,"['U.S. Senator for North Dakota serving on the Senate Agriculture, Energy, Appropriations & Indian Affairs committees.']",768,119036
Kentucky,Senate,General,D,John Merrill,0,28931,0,JohnHMerrill,['Representing the People of Alabama as their 53rd Secretary of State'],1121,8991
Louisiana,Senate,Primary,R,John Neely Kennedy,1,822298,1,SenJohnKennedy,['Official account of U.S. Senator John Kennedy of Louisiana.\nFacebook: https://t.co/X7wYyW9pnx'],1299,547131
New Hampshire,Senate,Primary,D,John Riggieri,0,369,0,NO_HANDLE,None,0,0
Kentucky,Senate,Primary,R,John Schiess,0,5538,0,NO_HANDLE,None,0,0
Maryland,Senate,Primary,R,John Thormann,0,29374,0,NO_HANDLE,None,0,0
South Dakota,Senate,General,R,John Thune,1,125483,1,SenJohnThune,['Senate Republican Whip. Representing South Dakota. Father. Grandfather. Husband. Sports Fan. Avid Outdoorsman. Hates Shoveling Snow.\nhttps://t.co/CAJybse6Mc'],342,135433
South Dakota,Senate,Primary,R,John Thune,1,57225,1,SenJohnThune,['Senate Republican Whip. Representing South Dakota. Father. Grandfather. Husband. Sports Fan. Avid Outdoorsman. Hates Shoveling Snow.\nhttps://t.co/CAJybse6Mc'],342,135433
Maryland,Senate,Primary,R,Jon McGreevey,0,12864,0,NO_HANDLE,None,0,0
California,Senate,Primary,R,Jonathan Elist,0,289716,0,jonelist,['Father. Husband. Business Owner. Ex Government Advisor.'],368,1438
Georgia,Senate,Primary,R,Jonathan McColumn,0,28601,0,JonMcColumn,['üá∫üá∏ONE Nation under God'],40,41
Maryland,Senate,Primary,R,Joseph Perez,0,23321,0,NO_HANDLE,None,0,0
Georgia,Senate,Primary,R,Josh Clark,0,46693,0,JoshClarkGA,"['Husband & father of six blessings! XC Coach, Biz Owner, past Executive @NeoLife Intl, former GA State Representative & U.S. Senate Candidate, ‚ù§Ô∏è Jesus']",989,1578
Ohio,Senate,Primary,R,Josh Mandel,0,255854,0,JoshMandelOhio,['Proud dad. Marine vet. Former State Treasurer of Ohio.'],4125,78062
Kentucky,Senate,General,D,Joshua Blanton Sr.,0,30980,0,JoshuaBlantonSr,"[""I've decided to run against Mitch McConnell in 2026 for his U.S. Kentucky Senate seat.  My campaign slogan will be MAKE MITCH MY BITCH!!!  LOL!!!""]",4787,4060
Arizona,Senate,Primary,R,Justin Olson,0,41985,0,_JustinOlson,['Republican Candidate for U.S. Senate in Arizona. \n\nPress Inquiries: OlsonForSenate@amwpr.com'],344,1435
Alabama,Senate,Primary,R,Karla DuPriest,0,5366,0,NO_HANDLE,None,0,0
Pennsylvania,Senate,Primary,R,Kathy Barnette,0,331903,0,Kathy4Truth,"['National Spokeswoman @1776ActionOrg | Grassroots Boss-Lady | Wife | Homeschool Mom | Author | VETERAN | 2022 Republican Candidate for U.S. Senate, PA']",3703,200521
Illinois,Senate,General,R,Kathy Salvi,0,1655282,0,salviforsenate,"['Kathy is running for U.S. Senate to bring back faith in our government, restore public trust, and reinstate civility to public service.']",226,1359
Illinois,Senate,Primary,R,Kathy Salvi,1,207982,0,salviforsenate,"['Kathy is running for U.S. Senate to bring back faith in our government, restore public trust, and reinstate civility to public service.']",226,1359
Alabama,Senate,Primary,R,Katie Britt,1,268949,1,KatieBrittforAL,"[""Unapologetically committed to putting #AlabamaFirst and delivering results for our great state.\n\nText KATIE to 484848 to join our campaign's text list.""]",2,19798
Alabama,Senate,General,R,Katie Britt,1,940054,1,KatieBrittforAL,"[""Unapologetically committed to putting #AlabamaFirst and delivering results for our great state.\n\nText KATIE to 484848 to join our campaign's text list.""]",2,19798
North Dakota,Senate,General,D,Katrina Christiansen,0,51076,0,katrina_senate,"['Former US Senate Candidate. https://t.co/zLDyFghPVq\n Engineer. Proud Progressive & Democrat. \nMama, runner and reader. Educator.']",766,1909
North Dakota,Senate,Primary,D,Katrina Christiansen,1,4456,0,katrina_senate,"['Former US Senate Candidate. https://t.co/zLDyFghPVq\n Engineer. Proud Progressive & Democrat. \nMama, runner and reader. Educator.']",766,1909
Alaska,Senate,General,R,Kelly Tshibaka,0,117299,0,KellyForAlaska,"['Alaskan, wife, and proud mom of 5. Standing for financial prosperity, family, freedom, firearms, fiscal responsibility, & our future generations.']",8,32026
Alaska,Senate,Primary,R,Kelly Tshibaka,1,73161,0,KellyForAlaska,"['Alaskan, wife, and proud mom of 5. Standing for financial prosperity, family, freedom, firearms, fiscal responsibility, & our future generations.']",8,32026
Georgia,Senate,Primary,R,Kelvin King,0,37930,0,kelvinking4ga,"['Former U.S. Senate candidate from Georgia. Husband, Father, Christian. Business Owner. USAFA grad, USAF Veteran. Co-Founder, Speak Georgia #WinForAmerica']",98,2964
New Hampshire,Senate,Primary,R,Kevin Smith,0,16566,0,TeamSmithforNH,['Conservative Fighter/Fixer for US Senate | Fmr L‚Äôderry Town Manager | Fighting for New Hampshire because #MaggieHasnt | #NHSen | Also @nhkevinsmith'],498,1150
South Carolina,Senate,General,D,Krystle Matthews,0,455066,0,NO_HANDLE,None,0,0
South Carolina,Senate,Primary,D,Krystle Matthews,1,57278,0,NO_HANDLE,None,0,0
Alabama,Senate,Primary,D,Lanny Jackson,0,28402,0,NO_HANDLE,None,0,0
Georgia,Senate,Primary,R,Latham Saddler,0,104471,0,LathamSaddler,"['Next Generation Conservative Leader. Candidate for U.S. Senate in Georgia. Fmr. Navy SEAL officer, NSC Director of Intelligence Programs, & White House Fellow.']",149,2819
Connecticut,Senate,General,R,Leora Levy,0,534209,0,LeoraLevyCT,['AmPatriot/CT US Sen candidate 2022/RNC NCW-CT/US Ambassador nominee-2019/ Philanthropist-Volunteer/Businesswoman/Mother/Wife #GodBlessAmerica #RNC #CTGOP #CTSen'],199,5273
Connecticut,Senate,Primary,R,Leora Levy,1,46665,0,LeoraLevyCT,['AmPatriot/CT US Sen candidate 2022/RNC NCW-CT/US Ambassador nominee-2019/ Philanthropist-Volunteer/Businesswoman/Mother/Wife #GodBlessAmerica #RNC #CTGOP #CTSen'],199,5273
Missouri,Senate,Primary,D,Lewis Rolen,0,5228,0,rolenlewis1,"[""I'm Lewis Rolen a former Social Studies Teacher and Athletics Coach who is running for the U.S. Senate in Missouri on the Democratic ticket.""]",53,72
Alabama,Senate,Primary,R,Lillie Boddie,0,4865,0,NO_HANDLE,None,0,0
Alaska,Senate,General,R,Lisa Murkowski,1,135972,1,lisamurkowski,"[""Official Twitter account for U.S. Senator Lisa Murkowski. Follow me for news and updates on what's happening in the Senate and across Alaska.""]",588,328808
Alaska,Senate,Primary,R,Lisa Murkowski,1,85344,1,lisamurkowski,"[""Official Twitter account for U.S. Senator Lisa Murkowski. Follow me for news and updates on what's happening in the Senate and across Alaska.""]",588,328808
Maryland,Senate,Primary,R,Lorie Friend,0,31461,0,LorieFriendGOP,['üá∫üá∏ Republican Candidate for the United States Senate 2022 Election üá∫üá∏\nWeb: https://t.co/45hqfvZ1bq \nEmail: electafriend@gmail.com'],24,24
Missouri,Senate,Primary,D,Lucas Kunce,0,140953,0,LucasKunceMO,"['13-year Marine veteran, former arms control negotiator, antitrust advocate, Missouri populist']",2138,68159
Louisiana,Senate,Primary,D,Luke Mixon,0,170006,0,LukeMixonLA,"['Father of Sam & Charlie, husband to Renee, veteran fighter pilot, (D) candidate for Senate against Sen. John Kennedy in LA ‚û°Ô∏è Chip in at https://t.co/nlwtgAesEs']",167,89223
Oklahoma,Senate,General,D,Madison Horn,0,368969,0,madisonhornok,['Former US Senate Nominee | Cybersecurity | Critical Infrastructure | Foreign Policy | Bringing logic back to politics | Individual defying party politics'],9366,19810
Oklahoma,Senate,Primary,D,Madison Horn,1,60631,0,madisonhornok,['Former US Senate Nominee | Cybersecurity | Critical Infrastructure | Foreign Policy | Bringing logic back to politics | Individual defying party politics'],9366,19810
New Hampshire,Senate,General,D,Maggie Hassan,1,298351,1,SenatorHassan,"['New England sports fan, mom, crossword enthusiast, former governor, U.S. Senator for New Hampshire.']",546,163005
New Hampshire,Senate,Primary,D,Maggie Hassan,1,21740,1,SenatorHassan,"['New England sports fan, mom, crossword enthusiast, former governor, U.S. Senator for New Hampshire.']",546,163005
Pennsylvania,Senate,Primary,D,Malcolm Kenyatta,0,139393,0,malcolmkenyatta,"['Representing PA‚Äôs 181st District ‚Ä¢ Former Democratic Candidate for U.S. Senate, PA ‚Ä¢ @drmattkenyatta‚Äôs husband ‚Ä¢ Chair @agendapac ‚Ä¢ PA Co-Chair @climatepower']",6546,162843
Wisconsin,Senate,General,D,Mandela Barnes,0,1307282,0,TheOtherMandela,"['WI‚Äôs Lt. Governor. Runner, struggling plant dad, and believer in opportunity for all. He/him.']",1604,149901
Wisconsin,Senate,Primary,D,Mandela Barnes,1,362787,0,TheOtherMandela,"['WI‚Äôs Lt. Governor. Runner, struggling plant dad, and believer in opportunity for all. He/him.']",1604,149901
Florida,Senate,General,R,Marco Rubio,1,4469883,1,marcorubio,"['Christian,Husband,Father,AMERICAN,Senator for Florida, Instagram:@marcorubio Truth:@marcorubio #GatorNation #FinsUp']",2533,4494612
North Carolina,Senate,Primary,D,Marcus Williams,0,17446,0,NO_HANDLE,None,0,0
North Carolina,Senate,Primary,R,Marjorie K. Eastman,0,22535,0,MarjorieKEastmn,"['#Veteran, military spouse, mom & entrepreneur. Political Outsider & Conservative üíïüá∫üá∏ & NC. #mke4nc #me4nc #ncpol']",554,752
Arizona,Senate,Primary,R,Mark Brnovich,0,144092,0,GeneralBrnovich,['Attorney General of Arizona üåµHusband üåµFather Fighting for Justice üåµCommitted to Upholding the Rule of Law #GoDevils #MusicBuff #AZAG #NunChuckEnthusiast'],2579,51848
Arizona,Senate,General,D,Mark Kelly,1,1128917,1,CaptMarkKelly,['Navy combat veteran & retired NASA astronaut. Husband to @GabbyGiffords. United States Senator for the great state of Arizona.'],1538,495882
Missouri,Senate,Primary,R,Mark McCloskey,0,19540,0,mccloskeyusa,"['Conservative Outsider running for Senate. Father, Husband, proud Missourian. The only outsider running in a field of politicians!']",54,30112
California,Senate,General,R,Mark Meuser,0,2213091,0,MarkMeuser,['Candidate for U.S. Senate for California\nConstitutional and Election Law Attorney.'],706,16581
California,Senate,Primary,R,Mark Meuser,1,1028374,0,MarkMeuser,['Candidate for U.S. Senate for California\nConstitutional and Election Law Attorney.'],706,16581
South Dakota,Senate,Primary,R,Mark Mowry,0,5688,0,NO_HANDLE,None,0,0
Ohio,Senate,Primary,R,Mark Pukita,0,22692,0,Mark4Ohio,"['Official Campaign Twitter | Entrepreneur, Businessperson & Candidate for US Senate | Join our Social Media Army & let\'s ""Beat the Swamp""! | Personal: @mpukita']",356,1109
Kansas,Senate,General,D,Mark R. Holland,0,355427,0,MarkHollandKCK,"['2022 Democrat Candidate for US Senate in Kansas.\nUnited Methodist Pastor. Former Mayor/CEO of the Unified Government of Wyandotte County/Kansas City, Kansas']",590,2981
Kansas,Senate,Primary,D,Mark R. Holland,1,96666,0,MarkHollandKCK,"['2022 Democrat Candidate for US Senate in Kansas.\nUnited Methodist Pastor. Former Mayor/CEO of the Unified Government of Wyandotte County/Kansas City, Kansas']",590,2981
North Carolina,Senate,Primary,R,Mark Walker,0,70486,0,RepMarkWalker,"['Former Member of Congress and Pastor. President, Advancing Hope, USA']",2024,41854
Ohio,Senate,Primary,R,Matt Dolan,0,249239,0,dolan4ohio,['Father. Husband. Business Owner. Public Servant. A proud Ohioan. #OhioMatters'],1535,3823
Illinois,Senate,Primary,R,Matthew Dubiel,0,87466,0,MattOnAir,['Voice of Reason on @wckgchicago @1530WCKG #Illinois‚Äô #America'],360,3653
Pennsylvania,Senate,General,R,Mehmet Oz,0,2460601,0,DrOz,"['Heart surgeon and inventor. Empowered millions to take control of their health. Former Senate candidate. Husband to the best wife, father of 4, and grandfather.']",847,3911904
Pennsylvania,Senate,Primary,R,Mehmet Oz,1,420168,0,DrOz,"['Heart surgeon and inventor. Empowered millions to take control of their health. Former Senate candidate. Husband to the best wife, father of 4, and grandfather.']",847,3911904
Colorado,Senate,General,D,Michael Bennet,1,1128769,1,SenatorBennet,['U.S. Senator for Colorado'],402,307112
Alabama,Senate,Primary,R,Michael Durant,0,138300,0,NO_HANDLE,None,0,0
Iowa,Senate,General,D,Michael Franken,0,519094,0,FrankenforIowa,"['Former military officer, Senate candidate, from rural NW Iowa.']",1553,49572
Iowa,Senate,Primary,D,Michael Franken,1,85984,0,FrankenforIowa,"['Former military officer, Senate candidate, from rural NW Iowa.']",1553,49572
Arizona,Senate,Primary,R,Michael McGuire,0,71100,0,NO_HANDLE,None,0,0
Kansas,Senate,Primary,D,Michael Soetaert,0,9041,0,SoetaertMichael,['Michael Soetaert 2024 Congressional Candidate for the United States House (KS02) & 2026 Candidate for United States Senate https://t.co/P68ikWwEE7'],44,6335
North Dakota,Senate,Primary,D,Michael Steele,0,1391,0,NO_HANDLE,None,0,0
Maryland,Senate,Primary,D,Michelle Smith,0,41321,0,NO_HANDLE,None,0,0
Kansas,Senate,Primary,D,Mike Andra,0,31856,0,NO_HANDLE,None,0,0
Idaho,Senate,General,R,Mike Crapo,1,54745,1,MikeCrapo,['United States Senator for the great state of Idaho.'],772,127732
Idaho,Senate,Primary,R,Mike Crapo,1,177906,1,MikeCrapo,['United States Senator for the great state of Idaho.'],772,127732
Ohio,Senate,Primary,R,Mike Gibbons,0,124653,0,MikeGibbonsOH,"[""I'm a businessman, not a politician. I'm running for the U.S. Senate in Ohio to preserve the American Dream.""]",503,3425
Utah,Senate,General,R,Mike Lee,1,363620,1,SenMikeLee,['I am a United States Senator from the great state of Utah. Please help me restore constitutional leadership to Washington.'],2123,667915
Utah,Senate,Primary,R,Mike Lee,1,206234,1,SenMikeLee,['I am a United States Senator from the great state of Utah. Please help me restore constitutional leadership to Washington.'],2123,667915
Alabama,Senate,Primary,R,Mo Brooks,0,170108,0,RepMoBrooks,"['Thanks for following Alabama‚Äôs 5th District Congressman. Political discourse welcome. BLOCKED: Profanity, defamation, lying. PLEASE RETWEET GOOD INFO!']",2055,116385
Ohio,Senate,Primary,D,Morgan Harper,0,92347,0,mh4oh,['Lawyer. Breaking up monopolies @econliberties. Frmr @cfpb and US senate candidate. views my own. #MORGANIZE.'],3575,28955
Vermont,Senate,Primary,R,Myers Mermel,0,5177,0,MyersMermel,"[""Let's build our Vermont Economy and give freedom from failed Liberal Policies.""]",617,259
Idaho,Senate,Primary,R,Natalie Fleming,0,16902,0,NO_HANDLE,None,0,0
Arkansas,Senate,General,D,Natalie James,0,276792,0,JamesForAR,['First Black person ever to be the Dem nominee for US Senate in Arkansas |Healthcare| Education| Living Wages| Environmental Justice| Democracy|'],15706,29745
Arkansas,Senate,Primary,D,Natalie James,1,49631,0,JamesForAR,['First Black person ever to be the Dem nominee for US Senate in Arkansas |Healthcare| Education| Living Wages| Environmental Justice| Democracy|'],15706,29745
Vermont,Senate,Primary,D,Niki Thran,0,2345,0,DrNikiThran,"['U.S. Senate Candidate for the great state of Vermont. Running on Healthcare, Equity & the Environment. #DrThranCan']",29,30
Maryland,Senate,Primary,R,Nnabu Eze,0,8663,0,eze4senate,"['@GOP Candidate for Senate, Husband, Father. What God cannot do does not exist. #ProLife #NRA #KAG']",12322,12604
Missouri,Senate,Primary,D,Pat Kelly,0,4988,0,NO_HANDLE,None,0,0
North Carolina,Senate,Primary,R,Pat McCrory,0,188135,0,PatMcCroryNC,"['74th Governor of North Carolina. Conservative Leadership Built in North Carolina, Not Washington. Candidate for US Senate.']",686,43468
Alaska,Senate,Primary,D,Patricia Chesbro,1,12945,0,ChooseChesbro,"[""I'm Pat Chesbro and I am a Democrat running for US Senate for Alaska. Paid for by Chesbro for Alaska, PO Box 1311 Palmer AK 99645""]",192,899
Kansas,Senate,Primary,D,Patrick Wiesner,0,45006,0,NO_HANDLE,None,0,0
Washington,Senate,General,D,Patty Murray,1,980199,1,PattyMurray,"['U.S. Senator, Washington state | @HELPCmteDems Chair | Assistant Democratic Leader | Working every day for WA families | she/her/hers']",2380,484823
Washington,Senate,Primary,D,Patty Murray,1,557978,1,PattyMurray,"['U.S. Senator, Washington state | @HELPCmteDems Chair | Assistant Democratic Leader | Working every day for WA families | she/her/hers']",2380,484823
Kansas,Senate,Primary,D,Paul Buskirk,0,51371,0,PaulBuskirk,['For the past 37 years I have served as an educator helping young people make the transition from high school through college and to graduation.'],79,113
Kentucky,Senate,Primary,R,Paul Hamilton,0,13473,0,NO_HANDLE,None,0,0
New Hampshire,Senate,Primary,D,Paul Krautmann,0,1174,0,KrautmannJ,"['(D) Candidate for U.S. Senate | Peace Advocate, Retired U.S. Army Colonel, Retired Pediatric Dentist\nIG: https://t.co/k3qOqGzzvN']",10,33
Illinois,Senate,Primary,R,Peggy Hubbard,0,169855,0,PeggyHubbardIL,"['Veteran, Former Police Officer, Freedom lover, Harley enthusiast and Republican candidate for US Senate in Illinois against @DickDurbin. #PeggyForIlinois #twill']",496,5762
Connecticut,Senate,Primary,R,Peter Lumaj,0,8643,0,PeterLumaj,"['Businessman, Attorney, 2014 Republican Candidate for SOTS. @CTGOP candidate for US Senate ‚Äò22, Official Twitter.']",566,1610
Vermont,Senate,General,D,Peter Welch,1,195295,0,PeterWelch,"['Official Twitter Account for Congressman Peter Welch, proudly representing the great state of Vermont in the U.S. House of Representatives.']",2025,37244
Vermont,Senate,Primary,D,Peter Welch,1,40900,0,PeterWelch,"['Official Twitter Account for Congressman Peter Welch, proudly representing the great state of Vermont in the U.S. House of Representatives.']",2025,37244
Idaho,Senate,Primary,R,Ramont Turnbull,0,20833,0,RamontTurnbull,['My name is Ramont Turnbull. I am running as a Republican for the office of U.S. Senator representing the great state of Idaho.'],17,4
Kentucky,Senate,General,R,Rand Paul,1,910397,1,RandPaul,"['U.S. Senator for Kentucky | I fight for the Constitution, individual liberty and the freedoms that make this country great.']",586,4372985
Kentucky,Senate,Primary,R,Rand Paul,1,333051,1,RandPaul,"['U.S. Senator for Kentucky | I fight for the Constitution, individual liberty and the freedoms that make this country great.']",586,4372985
Georgia,Senate,General,D,Raphael Warnock,1,1941275,1,ReverendWarnock,['Pastor. Advocate. Savannah born & raised. @Morehouse alum. Senator from Georgia. | Join us @TeamWarnock'],956,1217619
Georgia,Senate,Primary,D,Raphael Warnock,1,702610,1,ReverendWarnock,['Pastor. Advocate. Savannah born & raised. @Morehouse alum. Senator from Georgia. | Join us @TeamWarnock'],956,1217619
Washington,Senate,Primary,D,Ravin Pierre,0,9997,0,NO_HANDLE,None,0,0
Maryland,Senate,Primary,R,Reba Hawkins,0,15480,0,rebahawkins2020,['I am Reba Hawkins. I am Small Business Owner running for MD-3.'],567,197
Florida,Senate,Primary,D,Ricardo De La Fuente,0,53681,0,Ricky4Congress,['Candidate for US Senate Florida 2022'],771,2863
Connecticut,Senate,General,D,Richard Blumenthal,1,714836,1,SenBlumenthal,"['Official Twitter account of U.S. Senator Richard Blumenthal, proudly working for the people of Connecticut.']",981,713216
North Dakota,Senate,Primary,R,Riley Kuntz,0,1304,0,NO_HANDLE,None,0,0
North Carolina,Senate,Primary,D,Robert Colon,0,6904,0,NO_HANDLE,None,0,0
Oregon,Senate,Primary,R,Robert Fleming,0,6821,0,NO_HANDLE,None,0,0
Kansas,Senate,Primary,D,Robert Klingenberg,0,20153,0,RobertforKansas,['Progressive-Leftist Working Class Man in Kansas leftist progressive democrat wecanwin workingclass union dsa opposition not moderation'],1311,515
Colorado,Senate,Primary,R,Ron Hanks,0,200310,0,HanksUSSenate,['Official Ron Hanks for US Senate Twitter Profile. Currently representing District 60 in Colorado House of Representatives. Served 32 years in the US Air Force.'],72,563
Wisconsin,Senate,General,R,Ron Johnson,1,1334680,1,SenRonJohnson,['Proud to serve Wisconsin in the U.S. Senate.'],1002,436275
Wisconsin,Senate,Primary,R,Ron Johnson,1,118878,1,SenRonJohnson,['Proud to serve Wisconsin in the U.S. Senate.'],1002,436275
Oregon,Senate,General,D,Ron Wyden,1,736343,1,RonWyden,['U.S. Senator from Oregon. @SenateFinance Chairman. Follow @WydenPress for updates from my staff. Instagram: https://t.co/F6XmPUnCO8. He/him.'],622,515309
Oregon,Senate,Primary,D,Ron Wyden,1,439665,1,RonWyden,['U.S. Senator from Oregon. @SenateFinance Chairman. Follow @WydenPress for updates from my staff. Instagram: https://t.co/F6XmPUnCO8. He/him.'],622,515309
Missouri,Senate,Primary,D,Ronald William Harris,0,4063,0,NO_HANDLE,None,0,0
Kentucky,Senate,General,D,Ruth Gao,0,18154,0,ruthgao4ky,"['Ran in 2022 Democratic US Senate KY Race üó≥Ô∏è, Kentuckian üêé, Average Citizen üë±, Cat Mom üê±, Common Ground for the Common Wealth']",2766,10242
Nevada,Senate,Primary,R,Sam Brown,0,59469,0,CaptainSamBrown,['Husband | Father | Duty First'],421,73392
Oregon,Senate,Primary,R,Samuel Palmer,0,42703,0,NO_HANDLE,None,0,0
Wisconsin,Senate,Primary,D,Sarah Godlewski,0,40835,0,SarahforWI,"[""Hartley's mom. üë©\u200düë¶ State Treasurer. üí∏ Proud western Wisconsinite. üßÄ""]",1031,36848
Idaho,Senate,Primary,R,Scott Trotter,0,27699,0,NO_HANDLE,None,0,0
Pennsylvania,Senate,Primary,R,Sean Gale,0,20266,0,NO_HANDLE,None,0,0
Nevada,Senate,Primary,R,Sharelle Mendenhall,0,5604,0,Sharelle4Senate,"['Entrepreneur, Inventor and Lover of God!']",793,1383
Missouri,Senate,Primary,D,Spencer Toder,0,17412,0,SpencerToder,"['Built a foundation as a U.S. Senate Candidate attempting to win one seat. Now, continuing the work to help thousands of candidates win theirs. (He/Him)']",6194,12728
Nevada,Senate,Primary,D,Stephanie Kasheta,0,2427,0,NO_HANDLE,None,0,0
Hawaii,Senate,Primary,D,Steve Talaii,0,13592,0,NO_HANDLE,None,0,0
Hawaii,Senate,Primary,R,Steven Bond,0,5273,0,NO_HANDLE,None,0,0
Wisconsin,Senate,Primary,D,Steven Olikara,0,5286,0,StevenOlikara,"['Democracy Reformer, Political Commentator, Entrepreneur. Fmr. Candidate for U.S. Senate. Founder/Fmr. CEO @MActionProject. @UWMadison #Badger. @Packers owner.']",4040,5318
Louisiana,Senate,Primary,D,Syrita Steib,0,30371,0,SupportSyrita,['Wifeüè≥Ô∏è\u200düåà | Ethan & Saige‚Äôs Momüßëüèæ\u200düëßüèΩ. Founder & Executive Director of The OR NOLA. https://t.co/duLFpLYW7g'],182,402
Georgia,Senate,Primary,D,Tamara Johnson-Shealey,0,28984,0,TamaraShealey,['Find me at the intersection of politics and beauty... #TamaraShealey #TamaraForGeorgia'],1335,4494
Kentucky,Senate,Primary,R,Tami Stainfield,0,9526,0,NO_HANDLE,None,0,0
Illinois,Senate,General,D,Tammy Duckworth,1,2174695,1,SenDuckworth,"['Official Twitter account for U.S. Senator Tammy Duckworth. For more information, visit']",7331,747443
North Carolina,Senate,General,R,Ted Budd,1,1887701,0,RepTedBudd,['Proudly serving the 13th district of North Carolina. Instagram: reptedbudd'],709,47983
North Carolina,Senate,Primary,R,Ted Budd,1,448128,0,RepTedBudd,['Proudly serving the 13th district of North Carolina. Instagram: reptedbudd'],709,47983
Connecticut,Senate,Primary,R,Themis Klarides,0,37017,0,RepTKlarides,"['Former House Republican Leader, üá∫üá∏ 114th District; Yankees fan, #greekproud, #valleyproud #familyfirst']",1107,7567
Indiana,Senate,General,D,Thomas McDermott Jr.,0,680831,0,tommcdermottjr,['Married to Judge Marissa McD‚Äî Father to 4 Amazing Kids‚Äì US Navy Subs (SSN-709)‚Äî US Navy Diver‚Äî ND Football- Go Cubs Go- PNW (96) - ND Law - Podcast Host @LOCPOD'],4821,10802
Washington,Senate,General,R,Tiffany Smiley,0,738618,0,SmileyForWA,['Wife to @HopeUnseen. Mom to three boys. Veterans Advocate. Former Triage Nurse. Candidate for U.S. Senate.'],1767,34306
Washington,Senate,Primary,R,Tiffany Smiley,1,330176,0,SmileyForWA,['Wife to @HopeUnseen. Mom to three boys. Veterans Advocate. Former Triage Nurse. Candidate for U.S. Senate.'],1767,34306
Ohio,Senate,General,D,Tim Ryan,0,1883223,0,TimRyan,"['Proud dad and husband, Ohio native, die-hard Browns fan.']",2092,314622
Ohio,Senate,Primary,D,Tim Ryan,1,359941,0,TimRyan,"['Proud dad and husband, Ohio native, die-hard Browns fan.']",2092,314622
South Carolina,Senate,General,R,Tim Scott,1,742616,1,SenatorTimScott,['Just a South Carolinian living his mama‚Äôs American Dream.'],3772,695231
Hawaii,Senate,Primary,R,Timothy Dalhouse,0,13488,0,NO_HANDLE,None,0,0
Indiana,Senate,General,R,Todd C. Young,1,1063742,1,NO_HANDLE,None,0,0
Maryland,Senate,Primary,R,Todd Puglisi,0,12052,0,NO_HANDLE,None,0,0
Wisconsin,Senate,Primary,D,Tom Nelson,0,9805,0,NelsonforWI,"['Husband, father, Outagamie Co. Exec, author. Personal account.']",1176,55690
Ohio,Senate,Primary,D,Traci Johnson,0,65209,0,Traci_TJJohnson,"['Passionate Servant, Driven Business Woman, Focused Community Activist, Unique Ohioan and Proud American running to be your next United States Senator - OHIO.']",255,168
Missouri,Senate,General,D,Trudy Busch Valentine,0,579166,0,buschvalentine,"['Mother. Nurse. Advocate for children. Lifelong Missourian. Candidate for U.S. Senate. Put politics aside, and put people first.']",280,18798
Missouri,Senate,Primary,D,Trudy Busch Valentine,1,158583,0,buschvalentine,"['Mother. Nurse. Advocate for children. Lifelong Missourian. Candidate for U.S. Senate. Put politics aside, and put people first.']",280,18798
Florida,Senate,General,D,Val Demings,0,3197133,0,RepValDemings,"[""U.S. Representative Florida's 10th Congressional District. Public Servant. Former Orlando Police Chief. Christian. Wife. Mother. Grandmother. Harley Enthusiast.""]",892,444931
Florida,Senate,Primary,D,Val Demings,1,1197744,0,RepValDemings,"[""U.S. Representative Florida's 10th Congressional District. Public Servant. Former Orlando Police Chief. Christian. Wife. Mother. Grandmother. Harley Enthusiast.""]",892,444931
Kentucky,Senate,Primary,R,Val Fredrick,0,14018,0,NO_HANDLE,None,0,0
Missouri,Senate,Primary,R,Vicky Hartzler,0,144903,0,RepHartzler,"[""Proudly representing Missouri's Fourth District in Congress. Senior member of @HASCRepublicans and @HouseAgGOP. Commissioner of @CECCgov.""]",980,33615
New Hampshire,Senate,Primary,R,Vikram Mansharamani,0,10700,0,mansharamani,['Living free and thinking for myself.  Retweets and likes are not endorsements.'],141,8858
Hawaii,Senate,Primary,R,Wallyn Christian,0,7655,0,NO_HANDLE,None,0,0
Alabama,Senate,Primary,D,Will Boyd,1,107588,0,willboydforAL,"['2022 U.S. Senate Nominee (D-AL), Husband, Father, Bishop, Pastor, Engineer, Educator, & Author']",2224,4176
Alabama,Senate,General,D,Will Boyd,0,435431,0,willboydforAL,"['2022 U.S. Senate Nominee (D-AL), Husband, Father, Bishop, Pastor, Engineer, Educator, & Author']",2224,4176
Oregon,Senate,Primary,D,William Barlow,0,35025,0,NO_HANDLE,None,0,0
Nevada,Senate,Primary,R,William Conrad,0,2665,0,NO_HANDLE,None,0,0
Nevada,Senate,Primary,R,William Hockstedler,0,2111,0,NO_HANDLE,None,0,0
Florida,Senate,Primary,D,William Sanchez,0,79146,0,sanchezforsen,['Husband ‚Ä¢ Father. grandpa. Immigration Atty ‚Ä¢ Former DOJ‚Ä¢ @univmiami ‚Ä¢ First-Gen Cuban-American ‚Ä¢ GULaw; defender of the marginalized;former US SENATE candidate'],4641,3901
